{
  "id": "",
  "name": "",
  "font_family": "iconfont",
  "css_prefix_text": "icon-",
  "description": "",
  "glyphs": [
    {
      "icon_id": "348504",
      "name": "github",
      "font_class": "github",
      "unicode": "ead8",
      "unicode_decimal": 60120
    },
    {
      "icon_id": "1304893",
      "name": "邮件",
      "font_class": "youjian",
      "unicode": "e624",
      "unicode_decimal": 58916
    },
    {
      "icon_id": "3315084",
      "name": "博客园",
      "font_class": "bokeyuan",
      "unicode": "e603",
      "unicode_decimal": 58883
    },
    {
      "icon_id": "3868276",
      "name": "使用文档",
      "font_class": "shiyongwendang",
      "unicode": "eb66",
      "unicode_decimal": 60262
    }
  ]
}
